{
  "assetsByChunkName": {
    "vendors~app-account~app-confirmation~app-order": "chunk.dcd95517d1d051d47e01.js",
    "vendors~app-account~app-checkout": "chunk.43bba935ffd839042979.js",
    "vendors~app-cart~app-checkout": "chunk.c70b430254f6600d61cd.js",
    "admin": [
      "admin.4f7b3e3e4c07a1d1af57.js",
      "admin.4f7b3e3e4c07a1d1af57.js.map"
    ],
    "app-account": "chunk.6fe59be051d3b0dceb3c.js",
    "app-checkout": "chunk.59ea7ec3c4be1466f0cd.js",
    "app-confirmation": "chunk.ac14988a44e69fa047e2.js",
    "checkout": [
      "checkout.cf98449575209be0379a.js",
      "checkout.cf98449575209be0379a.js.map"
    ],
    "storefront": [
      "storefront.8a1c7fd730a9c6ece5c5.css",
      "storefront.f28550ff025d2acc6072.js",
      "storefront.8a1c7fd730a9c6ece5c5.css.map",
      "storefront.f28550ff025d2acc6072.js.map"
    ],
    "vendors~app-cart": "chunk.a3818c5eb74f13b18c13.js",
    "vendors~app-order": "chunk.cecafc570a11ff2a73f1.js"
  }
}