{
  "marketing_stripe": {
    "text": "Linha completa de maquiagem a R$10,00 ",
    "link": "",
    "background": "#f59ea9",
    "color": "#ffffff"
  },
  "contacts_stripe": {
    "pages": [],
    "phone_wpp": true,
    "socials": true
  },
  "categories_list": {
    "featured": [
      "/face?Face",
      "/olhos?Olhos",
      "/labios?Boca",
      "/skincare?Skincare",
      "/esponjas?Pincéis e esponjas",
      "/infantil?Infantil",
      "/acessorios?Acessórios",
      "/delicada-?Delicada +"
    ],
    "random": 12,
    "full_width": true
  },
  "desktop_megamenu": false,
  "search_input": true,
  "alphabetical_order_submenu": true,
  "full_width_submenu": true
}