{
  "sections": [
    {
      "type": "breadcrumbs",
      "enabled": true
    },
    {
      "type": "product-block",
      "enabled": true,
      "size_guide": {
        "image": "",
        "title": ""
      }
    },
    {
      "type": "product-description",
      "enabled": true
    },
    {
      "type": "product-specifications",
      "enabled": true
    },
    {
      "type": "responsive-banner",
      "img": "/img/uploads/9094-fearless-3-.png",
      "mobile_img": "/img/uploads/9094-fearless-3-.png"
    },
    {
      "type": "related-products",
      "title": "Produtos relacionados"
    }
  ]
}